{
  "baseline": {
    "accuracy": 0.8947368421052632,
    "fairness": {
      "by_group": {
        "selection_rate": {
          "0": 0.3333333333333333,
          "1": 0.25
        },
        "tpr": {
          "0": 0.75,
          "1": 0.8
        },
        "fpr": {
          "0": 0.0,
          "1": 0.06666666666666667
        }
      },
      "dp_diff": 0.08333333333333331,
      "eo_diff": 0.06666666666666667
    }
  },
  "with_location": {
    "accuracy": 0.9473684210526315,
    "fairness": {
      "by_group": {
        "selection_rate": {
          "0": 0.4444444444444444,
          "1": 0.25
        },
        "tpr": {
          "0": 1.0,
          "1": 0.8
        },
        "fpr": {
          "0": 0.0,
          "1": 0.06666666666666667
        }
      },
      "dp_diff": 0.19444444444444442,
      "eo_diff": 0.19999999999999996
    }
  }
}